Workbook

Sheet Read Me

Sheet Summary
D4: Flow to SA (ML/d) | E4: Upstream of Yarrawonga | F4: Victorian Tributaries | G4: Murrumbidgee at Balranald | H4: Lower Darling at Burtundy | I4: Lake Victoria | J4: Check
C5: =Components!C5 -> 42552 | D5: 3357.1 | E5: =Components!E5 -> 0.43146608 | F5: =SUM(Components!F5:H5) -> 0.06649302 | G5: =Components!I5 -> 0.14000591 | H5: =Components!J5 -> 0 | I5: =Components!K5 -> 0.36203499 | J5: =SUM(E5:I5) -> 1
C6: =Components!C6 -> 42553 | D6: 3711.2 | E6: =Components!E6 -> 0.55471599 | F6: =SUM(Components!F6:H6) -> 0.081141062 | G6: =Components!I6 -> 0.23124341 | H6: =Components!J6 -> 0 | I6: =Components!K6 -> 0.13289954 | J6: =SUM(E6:I6) -> 1
C7: =Components!C7 -> 42554 | D7: 3932 | E7: =Components!E7 -> 0.55460916 | F7: =SUM(Components!F7:H7) -> 0.067800602 | G7: =Components!I7 -> 0.25565952 | H7: =Components!J7 -> 0 | I7: =Components!K7 -> 0.12193071 | J7: =SUM(E7:I7) -> 1
C8: =Components!C8 -> 42555 | D8: 4053 | E8: =Components!E8 -> 0.56428951 | F8: =SUM(Components!F8:H8) -> 0.05455367 | G8: =Components!I8 -> 0.27840186 | H8: =Components!J8 -> 0 | I8: =Components!K8 -> 0.10275496 | J8: =SUM(E8:I8) -> 1
C9: =Components!C9 -> 42556 | D9: 3880 | E9: =Components!E9 -> 0.55016334 | F9: =SUM(Components!F9:H9) -> 0.047581368 | G9: =Components!I9 -> 0.30157266 | H9: =Components!J9 -> 0 | I9: =Components!K9 -> 0.10068263 | J9: =SUM(E9:I9) -> 1
C10: =Components!C10 -> 42557 | D10: 3830.8 | E10: =Components!E10 -> 0.53427821 | F10: =SUM(Components!F10:H10) -> 0.04799985 | G10: =Components!I10 -> 0.32421873 | H10: =Components!J10 -> 0 | I10: =Components!K10 -> 0.093503212 | J10: =SUM(E10:I10) -> 1
C11: =Components!C11 -> 42558 | D11: 4017 | E11: =Components!E11 -> 0.51021907 | F11: =SUM(Components!F11:H11) -> 0.043262654 | G11: =Components!I11 -> 0.32448066 | H11: =Components!J11 -> 0 | I11: =Components!K11 -> 0.12203762 | J11: =SUM(E11:I11) -> 1
C12: =Components!C12 -> 42559 | D12: 3984.9 | E12: =Components!E12 -> 0.515799 | F12: =SUM(Components!F12:H12) -> 0.04173342 | G12: =Components!I12 -> 0.32488839 | H12: =Components!J12 -> 0 | I12: =Components!K12 -> 0.11757919 | J12: =SUM(E12:I12) -> 1
C13: =Components!C13 -> 42560 | D13: 4658.6 | E13: =Components!E13 -> 0.52331751 | F13: =SUM(Components!F13:H13) -> 0.053714905 | G13: =Components!I13 -> 0.32331216 | H13: =Components!J13 -> 0 | I13: =Components!K13 -> 0.099655424 | J13: =SUM(E13:I13) -> 1
C14: =Components!C14 -> 42561 | D14: 4614.3 | E14: =Components!E14 -> 0.51766645 | F14: =SUM(Components!F14:H14) -> 0.069950848 | G14: =Components!I14 -> 0.3205892 | H14: =Components!J14 -> 0 | I14: =Components!K14 -> 0.091793504 | J14: =SUM(E14:I14) -> 1
C15: =Components!C15 -> 42562 | D15: 4529.3 | E15: =Components!E15 -> 0.50274436 | F15: =SUM(Components!F15:H15) -> 0.084760396 | G15: =Components!I15 -> 0.32243733 | H15: =Components!J15 -> 0 | I15: =Components!K15 -> 0.090057913 | J15: =SUM(E15:I15) -> 1
C16: =Components!C16 -> 42563 | D16: 4687.5 | E16: =Components!E16 -> 0.48225956 | F16: =SUM(Components!F16:H16) -> 0.10562681 | G16: =Components!I16 -> 0.32344786 | H16: =Components!J16 -> 0 | I16: =Components!K16 -> 0.088665768 | J16: =SUM(E16:I16) -> 1
... C369: =Components!C369 -> 42916 | D369: 3766 | E369: =Components!E369 -> 0.16923762 | F369: =SUM(Components!F369:H369) -> 0.036144906 | G369: =Components!I369 -> 0.030268848 | H369: =Components!J369 -> 0.015352639 | I369: =Components!K369 -> 0.74899598 | J369: =SUM(E369:I369) -> 1

Sheet Components
D4: Flow to SA (ML/d) | E4: Downstream Yarrawonga Flow | F4: Broken Creek @ Rices Weir | G4: Goulburn at Mccoys Bridge | H4: Camaspe at Rochester | I4: Murrumbidgee at Balranald | J4: Lower Darling at Burtundy | K4: Lake Victoria | L4: Check
C5: 42552 | D5: 5543.1 | E5: 0.43146608 | F5: 0.00085047456 | G5: 0.063161575 | H5: 0.0024809702 | I5: 0.14000591 | J5: 0 | K5: 0.36203499 | L5: =SUM(E5:K5) -> 1
C6: 42553 | D6: 5613.7 | E6: 0.55471599 | F6: 0.0011048587 | G6: 0.076715622 | H6: 0.0033205807 | I6: 0.23124341 | J6: 0 | K6: 0.13289954 | L6: =SUM(E6:K6) -> 1
C7: 42554 | D7: 6091.7 | E7: 0.55460916 | F7: 0.0041948863 | G7: 0.061091795 | H7: 0.0025139211 | I7: 0.25565952 | J7: 0 | K7: 0.12193071 | L7: =SUM(E7:K7) -> 1
C8: 42555 | D8: 7265.3 | E8: 0.56428951 | F8: 0.0026885848 | G8: 0.049686101 | H8: 0.0021789837 | I8: 0.27840186 | J8: 0 | K8: 0.10275496 | L8: =SUM(E8:K8) -> 1
C9: 42556 | D9: 7727.4 | E9: 0.55016334 | F9: 0.00029162082 | G9: 0.045149765 | H9: 0.0021399822 | I9: 0.30157266 | J9: 0 | K9: 0.10068263 | L9: =SUM(E9:K9) -> 1
C10: 42557 | D10: 8107.5 | E10: 0.53427821 | F10: 0.0041253153 | G10: 0.041711054 | H10: 0.00216348 | I10: 0.32421873 | J10: 0 | K10: 0.093503212 | L10: =SUM(E10:K10) -> 1
C11: 42558 | D11: 8685.6 | E11: 0.51021907 | F11: 0.0032508346 | G11: 0.037967978 | H11: 0.0020438415 | I11: 0.32448066 | J11: 0 | K11: 0.12203762 | L11: =SUM(E11:K11) -> 1
C12: 42559 | D12: 8951.1 | E12: 0.515799 | F12: 0.00017429459 | G12: 0.03945543 | H12: 0.0021036951 | I12: 0.32488839 | J12: 0 | K12: 0.11757919 | L12: =SUM(E12:K12) -> 1
C13: 42560 | D13: 9127.6 | E13: 0.52331751 | F13: 0.0035940682 | G13: 0.047805797 | H13: 0.0023150404 | I13: 0.32331216 | J13: 0 | K13: 0.099655424 | L13: =SUM(E13:K13) -> 1
C14: 42561 | D14: 9111.9 | E14: 0.51766645 | F14: 0.005661097 | G14: 0.061964737 | H14: 0.0023250139 | I14: 0.3205892 | J14: 0 | K14: 0.091793504 | L14: =SUM(E14:K14) -> 1
C15: 42562 | D15: 9129.1 | E15: 0.50274436 | F15: 0.0045482418 | G15: 0.078022104 | H15: 0.0021900499 | I15: 0.32243733 | J15: 0 | K15: 0.090057913 | L15: =SUM(E15:K15) -> 1
C16: 42563 | D16: 9178.9 | E16: 0.48225956 | F16: 0.0059282408 | G16: 0.09778481 | H16: 0.0019137549 | I16: 0.32344786 | J16: 0 | K16: 0.088665768 | L16: =SUM(E16:K16) -> 1
... C369: 42916 | D369: 2841.6 | E369: 0.16923762 | F369: 0.00098722383 | G369: 0.033635133 | H369: 0.0015225494 | I369: 0.030268848 | J369: 0.015352639 | K369: 0.74899598 | L369: =SUM(E369:K369) -> 1
